Year,Age,Tm,Lg,W,L,W-L%,ERA,G,GS,GF,CG,SHO,SV,IP,H,R,ER,HR,BB,IBB,SO,HBP,BK,WP,BF,ERA+,FIP,WHIP,H9,HR9,BB9,SO9,SO/W,Player
2001,26,TEX,AL,0,1,0,6.75,4,0,1,0,0,0,12,13,9,9,3,7,1,4,0,0,1,53,71,7.38,1.667,9.8,2.3,5.3,3,0.57,R.a. Dickey
2003,28,TEX,AL,9,8,0.529,5.09,38,13,6,1,1,1,116.2,135,68,66,16,38,5,94,5,2,5,513,99,4.31,1.483,10.4,1.2,2.9,7.3,2.47,R.a. Dickey
2004,29,TEX,AL,6,7,0.462,5.61,25,15,2,0,0,1,104.1,136,77,65,17,33,1,57,4,1,5,480,90,5.14,1.62,11.7,1.5,2.8,4.9,1.73,R.a. Dickey
2005,30,TEX,AL,1,2,0.333,6.67,9,4,2,0,0,0,29.2,29,23,22,4,17,0,15,2,0,2,134,69,5.68,1.551,8.8,1.2,5.2,4.6,0.88,R.a. Dickey
2006,31,TEX,AL,0,1,0,18.9,1,1,0,0,0,0,3.1,8,7,7,6,1,0,1,0,0,0,18,27,26.85,2.7,21.6,16.2,2.7,2.7,1,R.a. Dickey
2008,33,SEA,AL,5,8,0.385,5.21,32,14,9,0,0,0,112.1,124,65,65,15,51,4,58,2,1,11,500,81,5.25,1.558,9.9,1.2,4.1,4.6,1.14,R.a. Dickey
2009,34,MIN,AL,1,1,0.5,4.62,35,1,13,0,0,0,64.1,74,34,33,8,30,1,42,4,0,4,293,95,4.99,1.617,10.4,1.1,4.2,5.9,1.4,R.a. Dickey
2010,35,NYM,NL,11,9,0.55,2.84,27,26,0,2,1,0,174.1,165,62,55,13,42,3,104,4,0,11,713,138,3.65,1.187,8.5,0.7,2.2,5.4,2.48,R.a. Dickey
2011,36,NYM,NL,8,13,0.381,3.28,33,32,0,1,0,0,208.2,202,85,76,18,54,2,134,9,1,9,876,112,3.77,1.227,8.7,0.8,2.3,5.8,2.48,R.a. Dickey
2012,37,NYM,NL,20,6,0.769,2.73,34,33,1,5,3,0,233.2,192,78,71,24,54,2,230,9,1,4,927,139,3.27,1.053,7.4,0.9,2.1,8.9,4.26,R.a. Dickey
2013,38,TOR,AL,14,13,0.519,4.21,34,34,0,3,1,0,224.2,207,113,105,35,71,0,177,10,1,7,943,98,4.58,1.237,8.3,1.4,2.8,7.1,2.49,R.a. Dickey
2014,39,TOR,AL,14,13,0.519,3.71,34,34,0,1,0,0,215.2,191,101,89,26,74,2,173,14,0,5,914,102,4.32,1.229,8,1.1,3.1,7.2,2.34,R.a. Dickey
2015,40,TOR,AL,11,11,0.5,3.91,33,33,0,2,0,0,214.1,195,97,93,25,61,1,126,11,2,9,884,105,4.48,1.194,8.2,1,2.6,5.3,2.07,R.a. Dickey
2016,41,TOR,AL,10,15,0.4,4.46,30,29,1,0,0,0,169.2,169,97,84,28,63,0,126,6,1,5,728,96,5.03,1.367,9,1.5,3.3,6.7,2,R.a. Dickey
2017,42,ATL,NL,10,10,0.5,4.26,31,31,0,0,0,0,190,193,99,90,26,67,3,136,10,2,13,815,102,4.72,1.368,9.1,1.2,3.2,6.4,2.03,R.a. Dickey
1913,21,BOS,AL,14,17,0.452,2.39,42,28,11,14,3,1,259.1,245,108,69,0,94,,144,4,2,6,1079,121,2.58,1.307,8.5,0,3.3,5,1.53,Dutch Leonard
1914,22,BOS,AL,19,5,0.792,0.96,36,25,8,17,7,3,224.2,139,34,24,3,60,,176,8,0,2,842,279,1.95,0.886,5.6,0.1,2.4,7.1,2.93,Dutch Leonard
1915,23,BOS,AL,15,7,0.682,2.36,32,21,7,10,2,0,183.1,130,57,48,3,67,,116,14,1,2,705,119,2.68,1.075,6.4,0.1,3.3,5.7,1.73,Dutch Leonard
1916,24,BOS,AL,18,12,0.6,2.36,48,35,13,17,6,6,274,244,87,72,6,66,,144,8,0,8,1060,117,2.36,1.131,8,0.2,2.2,4.7,2.18,Dutch Leonard
1917,25,BOS,AL,16,17,0.485,2.17,37,36,1,26,4,1,294.1,257,88,71,4,72,,144,5,0,7,1168,119,2.25,1.118,7.9,0.1,2.2,4.4,2,Dutch Leonard
1918,26,BOS,AL,8,6,0.571,2.72,16,16,0,12,3,0,125.2,119,51,38,0,53,,47,2,0,7,542,99,2.8,1.369,8.5,0,3.8,3.4,0.89,Dutch Leonard
1919,27,DET,AL,14,13,0.519,2.77,29,28,1,18,4,0,217.1,212,89,67,7,65,,102,7,0,4,908,115,2.96,1.275,8.8,0.3,2.7,4.2,1.57,Dutch Leonard
1920,28,DET,AL,10,17,0.37,4.33,28,27,1,10,3,0,191.1,192,107,92,8,63,,76,8,0,13,779,86,3.61,1.333,9,0.4,3,3.6,1.21,Dutch Leonard
1921,29,DET,AL,11,13,0.458,3.75,36,32,3,15,1,1,245,273,125,102,15,63,,120,10,0,7,1058,114,3.81,1.371,10,0.6,2.3,4.4,1.9,Dutch Leonard
1924,32,DET,AL,3,3,0.5,4.56,9,7,2,3,0,1,51.1,68,32,26,1,18,,26,1,0,1,232,91,3.39,1.675,11.9,0.2,3.2,4.6,1.44,Dutch Leonard
1925,33,DET,AL,11,4,0.733,4.51,18,18,0,9,0,0,125.2,143,73,63,7,43,,65,1,0,4,555,96,3.85,1.48,10.2,0.5,3.1,4.7,1.51,Dutch Leonard
1992,25,PIT,NL,8,1,0.889,2.15,13,13,0,4,1,0,92,76,26,22,3,35,1,51,1,1,3,373,162,3.27,1.207,7.4,0.3,3.4,5,1.46,Tim Wakefield
1993,26,PIT,NL,6,11,0.353,5.61,24,20,1,3,2,0,128.1,145,83,80,14,75,2,59,9,0,6,595,72,5.45,1.714,10.2,1,5.3,4.1,0.79,Tim Wakefield
1995,28,BOS,AL,16,8,0.667,2.95,27,27,0,6,1,0,195.1,163,76,64,22,68,0,119,9,0,11,804,165,4.53,1.183,7.5,1,3.1,5.5,1.75,Tim Wakefield
1996,29,BOS,AL,14,13,0.519,5.14,32,32,0,6,0,0,211.2,238,151,121,38,90,0,140,12,1,4,963,98,5.63,1.55,10.1,1.6,3.8,6,1.56,Tim Wakefield
1997,30,BOS,AL,12,15,0.444,4.25,35,29,2,4,2,0,201.1,193,109,95,24,87,5,151,16,0,6,866,110,4.69,1.391,8.6,1.1,3.9,6.8,1.74,Tim Wakefield
1998,31,BOS,AL,17,8,0.68,4.58,36,33,1,2,0,0,216,211,123,110,30,79,1,146,14,1,6,939,103,4.88,1.343,8.8,1.3,3.3,6.1,1.85,Tim Wakefield
1999,32,BOS,AL,6,11,0.353,5.08,49,17,28,0,0,15,140,146,93,79,19,72,2,104,5,0,1,635,99,5.06,1.557,9.4,1.2,4.6,6.7,1.44,Tim Wakefield
2000,33,BOS,AL,6,10,0.375,5.48,51,17,13,0,0,0,159.1,170,107,97,31,65,3,102,4,0,4,706,93,5.68,1.475,9.6,1.8,3.7,5.8,1.57,Tim Wakefield
2001,34,BOS,AL,9,12,0.429,3.9,45,17,5,0,0,3,168.2,156,84,73,13,73,5,148,18,1,5,732,115,3.91,1.358,8.3,0.7,3.9,7.9,2.03,Tim Wakefield
2002,35,BOS,AL,11,5,0.688,2.81,45,15,10,0,0,3,163.1,121,57,51,15,51,2,134,9,2,5,657,162,3.62,1.053,6.7,0.8,2.8,7.4,2.63,Tim Wakefield
2003,36,BOS,AL,11,7,0.611,4.09,35,33,2,0,0,1,202.1,193,106,92,23,71,0,169,12,0,8,872,114,4.07,1.305,8.6,1,3.2,7.5,2.38,Tim Wakefield
2004,37,BOS,AL,12,10,0.545,4.87,32,30,0,0,0,0,188.1,197,121,102,29,63,3,116,16,0,9,831,99,5.08,1.381,9.4,1.4,3,5.5,1.84,Tim Wakefield
2005,38,BOS,AL,16,12,0.571,4.15,33,33,0,3,0,0,225.1,210,113,104,35,68,4,151,11,0,8,943,109,4.75,1.234,8.4,1.4,2.7,6,2.22,Tim Wakefield
2006,39,BOS,AL,7,11,0.389,4.63,23,23,0,1,0,0,140,135,80,72,19,51,0,90,10,0,6,610,103,4.93,1.329,8.7,1.2,3.3,5.8,1.76,Tim Wakefield
2007,40,BOS,AL,17,12,0.586,4.76,31,31,0,0,0,0,189,191,104,100,22,64,1,110,4,0,10,800,100,4.67,1.349,9.1,1,3,5.2,1.72,Tim Wakefield
2008,41,BOS,AL,10,11,0.476,4.13,30,30,0,1,0,0,181,154,89,83,25,60,0,117,13,0,12,754,112,4.84,1.182,7.7,1.2,3,5.8,1.95,Tim Wakefield
2009,42,BOS,AL,11,5,0.688,4.58,21,21,0,2,0,0,129.2,137,67,66,12,50,0,72,10,0,4,572,102,4.58,1.442,9.5,0.8,3.5,5,1.44,Tim Wakefield
2010,43,BOS,AL,4,10,0.286,5.34,32,19,10,0,0,0,140,153,92,83,19,36,3,84,5,1,11,610,82,4.52,1.35,9.8,1.2,2.3,5.4,2.33,Tim Wakefield
2011,44,BOS,AL,7,8,0.467,5.12,33,23,6,1,0,0,154.2,163,110,88,25,47,1,93,8,1,15,677,84,4.99,1.358,9.5,1.5,2.7,5.4,1.98,Tim Wakefield
1964,25,MLN,NL,0,0,,4.8,10,0,2,0,0,0,15,15,10,8,1,7,0,8,1,0,1,66,76,4.01,1.467,9,0.6,4.2,4.8,1.14,Phil Niekro
1965,26,MLN,NL,2,3,0.4,2.89,41,1,21,0,0,6,74.2,73,32,24,5,26,3,49,3,0,9,324,122,3.24,1.326,8.8,0.6,3.1,5.9,1.88,Phil Niekro
1966,27,ATL,NL,4,3,0.571,4.11,28,0,10,0,0,2,50.1,48,32,23,4,23,5,17,2,0,3,224,90,4.4,1.411,8.6,0.7,4.1,3,0.74,Phil Niekro
1967,28,ATL,NL,11,9,0.55,1.87,46,20,20,10,1,9,207,164,64,43,9,55,3,129,7,1,19,827,179,2.76,1.058,7.1,0.4,2.4,5.6,2.35,Phil Niekro
1968,29,ATL,NL,14,12,0.538,2.59,37,34,3,15,5,2,256.2,228,83,74,16,45,3,140,5,3,16,1019,116,2.69,1.064,8,0.6,1.6,4.9,3.11,Phil Niekro
1969,30,ATL,NL,23,13,0.639,2.56,40,35,4,21,4,1,284.1,235,93,81,21,57,7,193,5,0,15,1143,142,2.77,1.027,7.4,0.7,1.8,6.1,3.39,Phil Niekro
1970,31,ATL,NL,12,18,0.4,4.27,34,32,1,10,3,0,229.2,222,124,109,40,68,2,168,6,2,6,980,100,4.41,1.263,8.7,1.6,2.7,6.6,2.47,Phil Niekro
1971,32,ATL,NL,15,14,0.517,2.98,42,36,4,18,4,2,268.2,248,112,89,27,70,6,173,3,1,8,1101,125,3.28,1.184,8.3,0.9,2.3,5.8,2.47,Phil Niekro
1972,33,ATL,NL,16,12,0.571,3.06,38,36,1,17,1,0,282.1,254,112,96,22,53,3,164,5,3,10,1150,123,2.87,1.087,8.1,0.7,1.7,5.2,3.09,Phil Niekro
1973,34,ATL,NL,13,10,0.565,3.31,42,30,7,9,1,4,245,214,103,90,21,89,4,131,5,0,11,1023,120,3.76,1.237,7.9,0.8,3.3,4.8,1.47,Phil Niekro
1974,35,ATL,NL,20,13,0.606,2.38,41,39,1,18,6,1,302.1,249,91,80,19,88,3,195,6,4,6,1219,159,3.04,1.115,7.4,0.6,2.6,5.8,2.22,Phil Niekro
1975,36,ATL,NL,15,15,0.5,3.2,39,37,2,13,1,0,275.2,285,115,98,29,72,3,144,11,2,15,1160,118,3.81,1.295,9.3,0.9,2.4,4.7,2,Phil Niekro
1976,37,ATL,NL,17,11,0.607,3.29,38,37,1,10,2,0,270.2,249,116,99,18,101,7,173,8,4,14,1157,115,3.43,1.293,8.3,0.6,3.4,5.8,1.71,Phil Niekro
1977,38,ATL,NL,16,20,0.444,4.03,44,43,1,20,2,0,330.1,315,166,148,26,164,12,262,8,3,17,1428,111,3.74,1.45,8.6,0.7,4.5,7.1,1.6,Phil Niekro
1978,39,ATL,NL,19,18,0.514,2.88,44,42,1,22,4,1,334.1,295,129,107,16,102,5,248,13,3,11,1389,142,2.76,1.187,7.9,0.4,2.7,6.7,2.43,Phil Niekro
1979,40,ATL,NL,21,20,0.512,3.39,44,44,0,23,1,0,342,311,160,129,41,113,8,208,11,4,18,1436,119,4.16,1.24,8.2,1.1,3,5.5,1.84,Phil Niekro
1980,41,ATL,NL,15,18,0.455,3.63,40,38,2,11,3,1,275,256,119,111,30,85,3,176,3,1,9,1137,102,3.85,1.24,8.4,1,2.8,5.8,2.07,Phil Niekro
1981,42,ATL,NL,7,7,0.5,3.1,22,22,0,3,3,0,139.1,120,56,48,6,56,2,62,1,0,2,578,116,3.5,1.263,7.8,0.4,3.6,4,1.11,Phil Niekro
1982,43,ATL,NL,17,4,0.81,3.61,35,35,0,4,2,0,234.1,225,106,94,23,73,1,144,3,1,4,969,104,3.74,1.272,8.6,0.9,2.8,5.5,1.97,Phil Niekro
1983,44,ATL,NL,11,10,0.524,3.97,34,33,0,2,0,0,201.2,212,94,89,18,105,3,128,2,3,6,888,98,4.24,1.572,9.5,0.8,4.7,5.7,1.22,Phil Niekro
1984,45,NYY,AL,16,8,0.667,3.09,32,31,1,5,1,0,215.2,219,85,74,15,76,0,136,3,0,2,916,123,3.51,1.368,9.1,0.6,3.2,5.7,1.79,Phil Niekro
1985,46,NYY,AL,16,12,0.571,4.09,33,33,0,7,1,0,220,203,110,100,29,120,1,149,2,2,5,955,99,4.71,1.468,8.3,1.2,4.9,6.1,1.24,Phil Niekro
1986,47,CLE,AL,11,11,0.5,4.32,34,32,1,5,0,0,210.1,241,126,101,24,95,1,81,6,2,9,951,96,4.92,1.597,10.3,1,4.1,3.5,0.85,Phil Niekro
1987,48,TOT,MLB,7,13,0.35,6.3,26,26,0,2,0,0,138.2,163,99,97,22,66,1,64,4,3,10,637,72,5.52,1.651,10.6,1.4,4.3,4.2,0.97,Phil Niekro
1987,48,TOT,AL,7,13,0.35,6.1,25,25,0,2,0,0,135.2,157,94,92,22,60,1,64,4,3,10,617,74,5.45,1.6,10.4,1.5,4,4.2,1.07,Phil Niekro
1987,48,CLE,AL,7,11,0.389,5.89,22,22,0,2,0,0,123.2,142,83,81,18,53,1,57,4,2,9,561,77,5.22,1.577,10.3,1.3,3.9,4.1,1.08,Phil Niekro
1987,48,TOR,AL,0,2,0,8.25,3,3,0,0,0,0,12,15,11,11,4,7,0,7,0,1,1,56,56,7.79,1.833,11.3,3,5.3,5.3,1,Phil Niekro
1987,48,ATL,NL,0,0,,15,1,1,0,0,0,0,3,6,5,5,0,6,0,0,0,0,0,20,32,8.87,4,18,0,18,0,0,Phil Niekro
1955,19,BRO,NL,2,2,0.5,3.02,12,5,4,2,2,0,41.2,33,15,14,2,28,1,30,1,1,2,183,136,3.64,1.464,7.1,0.4,6,6.5,1.07,Sandy Koufax
1956,20,BRO,NL,2,4,0.333,4.91,16,10,1,0,0,0,58.2,66,37,32,10,29,0,30,0,2,1,261,82,5.05,1.619,10.1,1.5,4.4,4.6,1.03,Sandy Koufax
1957,21,BRO,NL,5,4,0.556,3.88,34,13,12,2,0,0,104.1,83,49,45,14,51,1,122,2,0,5,444,106,3.39,1.284,7.2,1.2,4.4,10.5,2.39,Sandy Koufax
1958,22,LAD,NL,11,11,0.5,4.48,40,26,7,5,0,1,158.2,132,89,79,19,105,6,131,1,0,17,714,93,4.38,1.494,7.5,1.1,6,7.4,1.25,Sandy Koufax
1959,23,LAD,NL,8,6,0.571,4.05,35,23,6,6,1,2,153.1,136,74,69,23,92,4,173,0,1,5,679,105,4.04,1.487,8,1.4,5.4,10.2,1.88,Sandy Koufax
1960,24,LAD,NL,8,13,0.381,3.91,37,26,7,7,2,1,175,133,83,76,20,100,6,197,1,0,9,753,101,3.49,1.331,6.8,1,5.1,10.1,1.97,Sandy Koufax
1961,25,LAD,NL,18,13,0.581,3.52,42,35,2,15,2,1,255.2,212,117,100,27,96,6,269,3,2,12,1068,122,3,1.205,7.5,1,3.4,9.5,2.8,Sandy Koufax
1962,26,LAD,NL,14,7,0.667,2.54,28,26,2,11,2,1,184.1,134,61,52,13,57,4,216,2,0,3,744,143,2.15,1.036,6.5,0.6,2.8,10.5,3.79,Sandy Koufax
1963,27,LAD,NL,25,5,0.833,1.88,40,40,0,20,11,0,311,214,68,65,18,58,7,306,3,1,6,1210,159,1.85,0.875,6.2,0.5,1.7,8.9,5.28,Sandy Koufax
1964,28,LAD,NL,19,5,0.792,1.74,29,28,1,15,7,1,223,154,49,43,13,53,5,223,0,0,9,870,186,2.08,0.928,6.2,0.5,2.1,9,4.21,Sandy Koufax
1965,29,LAD,NL,26,8,0.765,2.04,43,41,2,27,8,2,335.2,216,90,76,26,71,4,382,5,0,11,1297,160,1.93,0.855,5.8,0.7,1.9,10.2,5.38,Sandy Koufax
1966,30,LAD,NL,27,9,0.75,1.73,41,41,0,27,5,0,323,241,74,62,19,77,4,317,0,0,7,1274,190,2.07,0.985,6.7,0.5,2.1,8.8,4.12,Sandy Koufax
1925,25,PHA,AL,10,12,0.455,4.75,45,18,12,5,0,1,197,207,120,104,11,131,,116,5,0,9,908,98,4.73,1.716,9.5,0.5,6,5.3,0.89,Lefty Grove 
1926,26,PHA,AL,13,13,0.5,2.51,45,33,9,20,1,6,258,227,97,72,6,101,,194,6,0,5,1072,165,2.96,1.271,7.9,0.2,3.5,6.8,1.92,Lefty Grove 
1927,27,PHA,AL,20,13,0.606,3.19,51,28,18,14,1,9,262.1,251,116,93,6,79,,174,2,1,5,1106,132,2.92,1.258,8.6,0.2,2.7,6,2.2,Lefty Grove 
1928,28,PHA,AL,24,8,0.75,2.58,39,31,6,24,4,3,261.2,228,93,75,10,64,1,183,1,0,4,1064,155,2.75,1.116,7.8,0.3,2.2,6.3,2.86,Lefty Grove 
1929,29,PHA,AL,20,6,0.769,2.81,42,37,5,19,2,4,275.1,278,104,86,8,81,2,170,3,0,8,1168,149,3.22,1.304,9.1,0.3,2.6,5.6,2.1,Lefty Grove 
1930,30,PHA,AL,28,5,0.848,2.54,50,32,17,22,2,9,291,273,101,82,8,60,2,209,5,0,2,1191,185,3.09,1.144,8.4,0.2,1.9,6.5,3.48,Lefty Grove 
1931,31,PHA,AL,31,4,0.886,2.06,41,30,10,27,4,5,288.2,249,84,66,10,62,0,175,1,0,2,1160,217,3.01,1.077,7.8,0.3,1.9,5.5,2.82,Lefty Grove 
1932,32,PHA,AL,25,10,0.714,2.84,44,30,13,27,4,7,291.2,269,101,92,13,79,0,188,1,0,0,1207,160,3.13,1.193,8.3,0.4,2.4,5.8,2.38,Lefty Grove 
1933,33,PHA,AL,24,8,0.75,3.2,45,28,16,21,2,6,275.1,280,113,98,12,83,1,114,4,0,1,1173,134,3.48,1.318,9.2,0.4,2.7,3.7,1.37,Lefty Grove 
1934,34,BOS,AL,8,8,0.5,6.5,22,12,6,5,0,0,109.1,149,84,79,5,32,1,43,1,0,1,506,73,3.83,1.655,12.3,0.4,2.6,3.5,1.34,Lefty Grove 
1935,35,BOS,AL,20,12,0.625,2.7,35,30,4,23,2,1,273,269,105,82,6,65,6,121,3,0,2,1137,175,3.2,1.223,8.9,0.2,2.1,4,1.86,Lefty Grove 
1936,36,BOS,AL,17,12,0.586,2.81,35,30,3,22,6,2,253.1,237,90,79,14,65,2,130,4,0,0,1049,189,3.77,1.192,8.4,0.5,2.3,4.6,2,Lefty Grove 
1937,37,BOS,AL,17,9,0.654,3.02,32,32,0,21,3,0,262,269,101,88,9,83,3,153,1,0,5,1127,159,3.28,1.344,9.2,0.3,2.9,5.3,1.84,Lefty Grove 
1938,38,BOS,AL,14,4,0.778,3.08,24,21,3,12,1,1,163.2,169,65,56,8,52,1,99,1,0,3,706,160,3.32,1.35,9.3,0.4,2.9,5.4,1.9,Lefty Grove 
1939,39,BOS,AL,15,4,0.789,2.54,23,23,0,17,2,0,191,180,63,54,8,58,1,81,1,0,0,798,185,3.6,1.246,8.5,0.4,2.7,3.8,1.4,Lefty Grove 
1940,40,BOS,AL,7,6,0.538,3.99,22,21,1,9,1,0,153.1,159,73,68,20,50,4,62,1,0,1,652,112,4.72,1.363,9.3,1.2,2.9,3.6,1.24,Lefty Grove 
1941,41,BOS,AL,7,7,0.5,4.37,21,21,0,10,0,0,134,155,84,65,8,42,0,54,2,0,3,598,95,3.62,1.47,10.4,0.5,2.8,3.6,1.29,Lefty Grove 
1984,21,BOS,AL,9,4,0.692,4.32,21,20,0,5,1,0,133.1,146,67,64,13,29,3,126,2,0,4,575,97,2.84,1.313,9.9,0.9,2,8.5,4.34,Roger Clemens
1985,22,BOS,AL,7,5,0.583,3.29,15,15,0,3,1,0,98.1,83,38,36,5,37,0,74,3,3,1,407,130,3.06,1.22,7.6,0.5,3.4,6.8,2,Roger Clemens
1986,23,BOS,AL,24,4,0.857,2.48,33,33,0,10,1,0,254,179,77,70,21,67,0,238,4,3,11,997,169,2.81,0.969,6.3,0.7,2.4,8.4,3.55,Roger Clemens
1987,24,BOS,AL,20,9,0.69,2.97,36,36,0,18,7,0,281.2,248,100,93,19,83,4,256,9,3,4,1157,154,2.91,1.175,7.9,0.6,2.7,8.2,3.08,Roger Clemens
1988,25,BOS,AL,18,12,0.6,2.93,35,35,0,14,8,0,264,217,93,86,17,62,4,291,6,7,4,1063,141,2.17,1.057,7.4,0.6,2.1,9.9,4.69,Roger Clemens
1989,26,BOS,AL,17,11,0.607,3.13,35,35,0,8,3,0,253.1,215,101,88,20,93,5,230,8,0,7,1044,132,3.17,1.216,7.6,0.7,3.3,8.2,2.47,Roger Clemens
1990,27,BOS,AL,21,6,0.778,1.93,31,31,0,7,4,0,228.1,193,59,49,7,54,3,209,7,0,8,920,211,2.18,1.082,7.6,0.3,2.1,8.2,3.87,Roger Clemens
1991,28,BOS,AL,18,10,0.643,2.62,35,35,0,13,4,0,271.1,219,93,79,15,65,12,241,5,0,6,1077,165,2.57,1.047,7.3,0.5,2.2,8,3.71,Roger Clemens
1992,29,BOS,AL,18,11,0.621,2.41,32,32,0,11,5,0,246.2,203,80,66,11,62,5,208,9,0,3,989,174,2.54,1.074,7.4,0.4,2.3,7.6,3.35,Roger Clemens
1993,30,BOS,AL,11,14,0.44,4.46,29,29,0,2,1,0,191.2,175,99,95,17,67,4,160,11,1,3,808,104,3.69,1.263,8.2,0.8,3.1,7.5,2.39,Roger Clemens
1994,31,BOS,AL,9,7,0.563,2.85,24,24,0,3,1,0,170.2,124,62,54,15,71,1,168,4,0,4,692,176,3.62,1.143,6.5,0.8,3.7,8.9,2.37,Roger Clemens
1995,32,BOS,AL,10,5,0.667,4.18,23,23,0,0,0,0,140,141,70,65,15,60,0,132,14,0,9,623,117,4.2,1.436,9.1,1,3.9,8.5,2.2,Roger Clemens
1996,33,BOS,AL,10,13,0.435,3.63,34,34,0,6,2,0,242.2,216,106,98,19,106,2,257,4,1,8,1032,139,3.43,1.327,8,0.7,3.9,9.5,2.42,Roger Clemens
1997,34,TOR,AL,21,7,0.75,2.05,34,34,0,9,3,0,264,204,65,60,9,68,1,292,12,0,4,1044,222,2.25,1.03,7,0.3,2.3,10,4.29,Roger Clemens
1998,35,TOR,AL,20,6,0.769,2.65,33,33,0,5,3,0,234.2,169,78,69,11,88,0,271,7,0,6,961,174,2.65,1.095,6.5,0.4,3.4,10.4,3.08,Roger Clemens
1999,36,NYY,AL,14,10,0.583,4.6,30,30,0,1,1,0,187.2,185,101,96,20,90,0,163,9,0,8,822,102,4.36,1.465,8.9,1,4.3,7.8,1.81,Roger Clemens
2000,37,NYY,AL,13,8,0.619,3.7,32,32,0,1,0,0,204.1,184,96,84,26,84,0,188,10,1,2,878,131,4.33,1.312,8.1,1.1,3.7,8.3,2.24,Roger Clemens
2001,38,NYY,AL,20,3,0.87,3.51,33,33,0,0,0,0,220.1,205,94,86,19,72,1,213,5,0,14,918,128,3.29,1.257,8.4,0.8,2.9,8.7,2.96,Roger Clemens
2002,39,NYY,AL,13,6,0.684,4.35,29,29,0,0,0,0,180,172,94,87,18,63,6,192,7,0,14,768,102,3.3,1.306,8.6,0.9,3.2,9.6,3.05,Roger Clemens
2003,40,NYY,AL,17,9,0.654,3.91,33,33,0,1,1,0,211.2,199,99,92,24,58,1,190,5,0,5,878,113,3.6,1.214,8.5,1,2.5,8.1,3.28,Roger Clemens
2004,41,HOU,NL,18,4,0.818,2.98,33,33,0,0,0,0,214.1,169,76,71,15,79,5,218,6,0,5,878,145,3.11,1.157,7.1,0.6,3.3,9.2,2.76,Roger Clemens
2005,42,HOU,NL,13,8,0.619,1.87,32,32,0,1,0,0,211.1,151,51,44,11,62,5,185,3,1,3,838,226,2.87,1.008,6.4,0.5,2.6,7.9,2.98,Roger Clemens
2006,43,HOU,NL,7,6,0.538,2.3,19,19,0,0,0,0,113.1,89,34,29,7,29,1,102,4,0,3,451,194,3.02,1.041,7.1,0.6,2.3,8.1,3.52,Roger Clemens
2007,44,NYY,AL,6,6,0.5,4.18,18,17,0,0,0,0,99,99,52,46,9,31,0,68,5,0,7,420,108,4.14,1.313,9,0.8,2.8,6.2,2.19,Roger Clemens
1907,19,WSH,AL,5,9,0.357,1.88,14,12,2,11,2,0,110.1,100,35,23,1,20,,71,2,0,4,432,129,1.61,1.088,8.2,0.1,1.6,5.8,3.55,Walter Johnson
1908,20,WSH,AL,14,14,0.5,1.65,36,30,6,23,6,1,256.1,194,75,47,0,53,,160,11,1,13,985,138,1.6,0.964,6.8,0,1.9,5.6,3.02,Walter Johnson
1909,21,WSH,AL,13,25,0.342,2.22,40,36,3,27,4,1,296.1,247,112,73,1,84,,164,15,0,12,1219,111,2.16,1.117,7.5,0,2.6,5,1.95,Walter Johnson
1910,22,WSH,AL,25,17,0.595,1.36,45,42,3,38,8,1,370,262,92,56,1,76,,313,13,0,21,1367,183,1.38,0.914,6.4,0,1.8,7.6,4.12,Walter Johnson
1911,23,WSH,AL,25,13,0.658,1.9,40,37,3,36,6,1,322.1,292,119,68,8,70,,207,8,0,17,1306,173,2.53,1.123,8.2,0.2,2,5.8,2.96,Walter Johnson
1912,24,WSH,AL,33,12,0.733,1.39,50,37,13,34,7,2,369,259,89,57,2,76,,303,16,0,11,1413,243,2.03,0.908,6.3,0,1.9,7.4,3.99,Walter Johnson
1913,25,WSH,AL,36,7,0.837,1.14,48,36,10,29,11,2,346,232,56,44,9,38,,243,9,0,2,1281,259,1.9,0.78,6,0.2,1,6.3,6.39,Walter Johnson
1914,26,WSH,AL,28,18,0.609,1.72,51,40,9,33,9,1,371.2,287,88,71,3,74,,225,11,1,14,1406,164,2.02,0.971,6.9,0.1,1.8,5.4,3.04,Walter Johnson
1915,27,WSH,AL,27,13,0.675,1.55,47,39,8,35,7,4,336.2,258,83,58,1,56,,203,19,0,7,1280,191,1.91,0.933,6.9,0,1.5,5.4,3.63,Walter Johnson
1916,28,WSH,AL,25,20,0.556,1.9,48,38,10,36,3,1,369.2,290,105,78,0,82,,228,9,0,9,1410,147,1.82,1.006,7.1,0,2,5.6,2.78,Walter Johnson
1917,29,WSH,AL,23,16,0.59,2.21,47,34,12,30,8,3,326,248,105,80,3,68,,188,14,0,7,1255,120,1.98,0.969,6.8,0.1,1.9,5.2,2.76,Walter Johnson
1918,30,WSH,AL,23,13,0.639,1.27,39,29,10,29,8,3,326,241,71,46,2,70,,162,8,0,8,1261,214,2.03,0.954,6.7,0.1,1.9,4.5,2.31,Walter Johnson
1919,31,WSH,AL,20,14,0.588,1.49,39,29,10,27,7,2,290.1,235,73,48,0,51,,147,7,1,4,1131,215,2.07,0.985,7.3,0,1.6,4.6,2.88,Walter Johnson
1920,32,WSH,AL,8,10,0.444,3.13,21,15,6,12,4,3,143.2,135,68,50,5,27,,78,5,1,5,583,119,2.78,1.128,8.5,0.3,1.7,4.9,2.89,Walter Johnson
1921,33,WSH,AL,17,14,0.548,3.51,35,32,2,25,1,1,264,265,122,103,7,92,,143,2,0,7,1119,117,3.43,1.352,9,0.2,3.1,4.9,1.55,Walter Johnson
1922,34,WSH,AL,15,16,0.484,2.99,41,31,9,23,4,4,280,283,115,93,8,99,,105,7,0,3,1195,130,3.77,1.364,9.1,0.3,3.2,3.4,1.06,Walter Johnson
1923,35,WSH,AL,17,12,0.586,3.48,42,34,8,18,3,4,261,263,112,101,9,73,,130,20,0,2,1096,109,3.45,1.287,9.1,0.3,2.5,4.5,1.78,Walter Johnson
1924,36,WSH,AL,23,7,0.767,2.72,38,38,0,20,6,0,277.2,233,97,84,10,77,,158,10,0,4,1148,149,3.31,1.116,7.6,0.3,2.5,5.1,2.05,Walter Johnson
1925,37,WSH,AL,20,7,0.741,3.07,30,29,1,16,3,0,229,217,95,78,7,78,,108,7,0,1,967,138,3.68,1.288,8.5,0.3,3.1,4.2,1.38,Walter Johnson
1926,38,WSH,AL,15,16,0.484,3.63,33,33,0,22,2,0,260.2,259,120,105,13,73,,125,5,0,2,1101,107,3.5,1.274,8.9,0.4,2.5,4.3,1.71,Walter Johnson
1927,39,WSH,AL,5,6,0.455,5.1,18,15,2,7,1,0,107.2,113,70,61,7,26,,48,7,0,1,460,80,3.9,1.291,9.4,0.6,2.2,4,1.85,Walter Johnson
1966,19,NYM,NL,0,1,0,15,2,1,0,0,0,0,3,5,5,5,1,3,1,6,0,0,1,17,28,5.89,2.667,15,3,9,18,2,Nolan Ryan
1968,21,NYM,NL,6,9,0.4,3.09,21,18,1,3,0,0,134,93,50,46,12,75,4,133,4,0,7,559,98,3.33,1.254,6.2,0.8,5,8.9,1.77,Nolan Ryan
1969,22,NYM,NL,6,3,0.667,3.53,25,10,4,2,0,1,89.1,60,38,35,3,53,3,92,1,3,1,375,104,2.7,1.265,6,0.3,5.3,9.3,1.74,Nolan Ryan
1970,23,NYM,NL,7,11,0.389,3.42,27,19,4,5,2,1,131.2,86,59,50,10,97,2,125,4,0,8,570,118,4.03,1.39,5.9,0.7,6.6,8.5,1.29,Nolan Ryan
1971,24,NYM,NL,10,14,0.417,3.97,30,26,1,3,0,0,152,125,78,67,8,116,4,137,15,1,6,705,86,3.92,1.586,7.4,0.5,6.9,8.1,1.18,Nolan Ryan
1972,25,CAL,AL,19,16,0.543,2.28,39,39,0,20,9,0,284,166,80,72,14,157,4,329,10,0,18,1154,128,2.49,1.137,5.3,0.4,5,10.4,2.1,Nolan Ryan
1973,26,CAL,AL,21,16,0.568,2.87,41,39,2,26,4,1,326,238,113,104,18,162,2,383,7,0,15,1355,123,2.49,1.227,6.6,0.5,4.5,10.6,2.36,Nolan Ryan
1974,27,CAL,AL,22,16,0.579,2.89,42,41,1,26,3,0,332.2,221,127,107,18,202,3,367,9,0,9,1392,118,2.98,1.272,6,0.5,5.5,9.9,1.82,Nolan Ryan
1975,28,CAL,AL,14,12,0.538,3.45,28,28,0,10,5,0,198,152,90,76,13,132,0,186,7,0,12,864,102,3.67,1.434,6.9,0.6,6,8.5,1.41,Nolan Ryan
1976,29,CAL,AL,17,18,0.486,3.36,39,39,0,21,7,0,284.1,193,117,106,13,183,2,327,5,2,5,1196,99,2.91,1.322,6.1,0.4,5.8,10.4,1.79,Nolan Ryan
1977,30,CAL,AL,19,16,0.543,2.77,37,37,0,22,4,0,299,198,110,92,12,204,7,341,9,3,21,1272,141,3.12,1.344,6,0.4,6.1,10.3,1.67,Nolan Ryan
1978,31,CAL,AL,10,13,0.435,3.72,31,31,0,14,3,0,234.2,183,106,97,12,148,7,260,3,2,13,1008,98,2.96,1.411,7,0.5,5.7,10,1.76,Nolan Ryan
1979,32,CAL,AL,16,14,0.533,3.6,34,34,0,17,5,0,222.2,169,104,89,15,114,3,223,6,0,9,937,113,3.22,1.271,6.8,0.6,4.6,9,1.96,Nolan Ryan
1980,33,HOU,NL,11,10,0.524,3.35,35,35,0,4,2,0,233.2,205,100,87,10,98,1,200,3,1,10,982,98,2.89,1.297,7.9,0.4,3.8,7.7,2.04,Nolan Ryan
1981,34,HOU,NL,11,5,0.688,1.69,21,21,0,5,3,0,149,99,34,28,2,68,1,140,1,2,16,605,195,2.28,1.121,6,0.1,4.1,8.5,2.06,Nolan Ryan
1982,35,HOU,NL,16,12,0.571,3.16,35,35,0,10,3,0,250.1,196,100,88,20,109,3,245,8,2,18,1050,105,3.2,1.218,7,0.7,3.9,8.8,2.25,Nolan Ryan
1983,36,HOU,NL,14,9,0.609,2.98,29,29,0,5,2,0,196.1,134,74,65,9,101,3,183,4,1,5,804,114,3.09,1.197,6.1,0.4,4.6,8.4,1.81,Nolan Ryan
1984,37,HOU,NL,12,11,0.522,3.04,30,30,0,5,2,0,183.2,143,78,62,12,69,2,197,4,3,6,760,109,2.66,1.154,7,0.6,3.4,9.7,2.86,Nolan Ryan
1985,38,HOU,NL,10,12,0.455,3.8,35,35,0,4,0,0,232,205,108,98,12,95,8,209,9,2,14,983,91,2.9,1.293,8,0.5,3.7,8.1,2.2,Nolan Ryan
1986,39,HOU,NL,12,8,0.6,3.34,30,30,0,1,0,0,178,119,72,66,14,82,5,194,4,0,15,729,107,3.06,1.129,6,0.7,4.1,9.8,2.37,Nolan Ryan
1987,40,HOU,NL,8,16,0.333,2.76,34,34,0,0,0,0,211.2,154,75,65,14,87,2,270,4,2,10,873,142,2.47,1.139,6.5,0.6,3.7,11.5,3.1,Nolan Ryan
1988,41,HOU,NL,12,11,0.522,3.52,33,33,0,4,1,0,220,186,98,86,18,87,6,228,7,7,10,930,94,3.04,1.241,7.6,0.7,3.6,9.3,2.62,Nolan Ryan
1989,42,TEX,AL,16,10,0.615,3.2,32,32,0,6,2,0,239.1,162,96,85,17,98,3,301,9,1,19,988,124,2.51,1.086,6.1,0.6,3.7,11.3,3.07,Nolan Ryan
1990,43,TEX,AL,13,9,0.591,3.44,30,30,0,5,2,0,204,137,86,78,18,74,2,232,7,1,9,818,114,2.87,1.034,6,0.8,3.3,10.2,3.14,Nolan Ryan
1991,44,TEX,AL,12,6,0.667,2.91,27,27,0,2,2,0,173,102,58,56,12,72,0,203,5,0,8,683,140,2.75,1.006,5.3,0.6,3.7,10.6,2.82,Nolan Ryan
1992,45,TEX,AL,5,9,0.357,3.72,27,27,0,2,0,0,157.1,138,75,65,9,69,0,157,12,0,9,675,103,3.08,1.316,7.9,0.5,3.9,9,2.28,Nolan Ryan
1993,46,TEX,AL,5,5,0.5,4.88,13,13,0,0,0,0,66.1,54,47,36,5,40,0,46,1,0,3,291,86,4.44,1.417,7.3,0.7,5.4,6.2,1.15,Nolan Ryan
1970,22,LAD,NL,0,0,,5.29,8,0,5,0,0,2,17,18,11,10,7,11,0,8,0,0,0,79,74,8.99,1.706,9.5,3.7,5.8,4.2,0.73,Charlie Hough
1971,23,LAD,NL,0,0,,4.15,4,0,3,0,0,0,4.1,3,3,2,1,3,0,4,0,0,0,19,86,5.68,1.385,6.2,2.1,6.2,8.3,1.33,Charlie Hough
1972,24,LAD,NL,0,0,,3.38,2,0,2,0,0,0,2.2,2,1,1,0,2,0,4,1,0,0,13,116,2.77,1.5,6.8,0,6.8,13.5,2,Charlie Hough
1973,25,LAD,NL,4,2,0.667,2.76,37,0,18,0,0,5,71.2,52,24,22,3,45,2,70,6,0,2,309,127,3.29,1.353,6.5,0.4,5.7,8.8,1.56,Charlie Hough
1974,26,LAD,NL,9,4,0.692,3.75,49,0,16,0,0,1,96,65,45,40,12,40,2,63,4,0,4,389,91,4.27,1.094,6.1,1.1,3.8,5.9,1.58,Charlie Hough
1975,27,LAD,NL,3,7,0.3,2.95,38,0,24,0,0,4,61,43,25,20,3,34,0,34,8,1,4,266,117,4.18,1.262,6.3,0.4,5,5,1,Charlie Hough
1976,28,LAD,NL,12,8,0.6,2.21,77,0,55,0,0,18,142.2,102,43,35,6,77,3,81,8,0,9,600,153,3.83,1.255,6.4,0.4,4.9,5.1,1.05,Charlie Hough
1977,29,LAD,NL,6,12,0.333,3.32,70,1,53,0,0,22,127.1,98,53,47,10,70,6,105,7,0,8,551,116,3.92,1.319,6.9,0.7,4.9,7.4,1.5,Charlie Hough
1978,30,LAD,NL,5,5,0.5,3.28,55,0,31,0,0,7,93.1,69,38,34,6,48,4,66,5,0,6,390,108,3.71,1.254,6.7,0.6,4.6,6.4,1.38,Charlie Hough
1979,31,LAD,NL,7,5,0.583,4.76,42,14,10,0,0,0,151.1,152,88,80,16,66,2,76,8,1,9,662,76,4.57,1.441,9,1,3.9,4.5,1.15,Charlie Hough
1980,32,TOT,MLB,3,5,0.375,4.52,35,3,12,2,1,1,93.2,91,51,47,6,58,2,72,5,0,11,426,84,4.07,1.591,8.7,0.6,5.6,6.9,1.24,Charlie Hough
1980,32,LAD,NL,1,3,0.25,5.57,19,1,5,0,0,1,32.1,37,21,20,4,21,0,25,2,0,3,156,64,4.95,1.794,10.3,1.1,5.8,7,1.19,Charlie Hough
1980,32,TEX,AL,2,2,0.5,3.96,16,2,7,2,1,0,61.1,54,30,27,2,37,2,47,3,0,8,270,99,3.6,1.484,7.9,0.3,5.4,6.9,1.27,Charlie Hough
1981,33,TEX,AL,4,1,0.8,2.96,21,5,9,2,0,1,82,61,30,27,4,31,1,69,3,0,4,330,117,2.8,1.122,6.7,0.4,3.4,7.6,2.23,Charlie Hough
1982,34,TEX,AL,16,13,0.552,3.95,34,34,0,12,2,0,228,217,111,100,21,72,5,128,7,0,9,954,98,3.83,1.268,8.6,0.8,2.8,5.1,1.78,Charlie Hough
1983,35,TEX,AL,15,13,0.536,3.18,34,33,1,11,3,0,252,219,96,89,22,95,0,152,3,1,6,1030,126,3.85,1.246,7.8,0.8,3.4,5.4,1.6,Charlie Hough
1984,36,TEX,AL,16,14,0.533,3.76,36,36,0,17,1,0,266,260,127,111,26,94,3,164,9,2,12,1133,110,3.97,1.331,8.8,0.9,3.2,5.5,1.74,Charlie Hough
1985,37,TEX,AL,14,16,0.467,3.31,34,34,0,14,1,0,250.1,198,102,92,23,83,1,141,7,3,11,1018,128,3.83,1.123,7.1,0.8,3,5.1,1.7,Charlie Hough
1986,38,TEX,AL,17,10,0.63,3.79,33,33,0,7,2,0,230.1,188,115,97,32,89,2,146,9,0,16,958,114,4.59,1.203,7.3,1.3,3.5,5.7,1.64,Charlie Hough
1987,39,TEX,AL,18,13,0.581,3.79,40,40,0,13,0,0,285.1,238,159,120,36,124,1,223,19,9,12,1231,118,4.45,1.269,7.5,1.1,3.9,7,1.8,Charlie Hough
1988,40,TEX,AL,15,16,0.484,3.32,34,34,0,10,0,0,252,202,111,93,20,126,1,174,12,10,10,1067,122,4.06,1.302,7.2,0.7,4.5,6.2,1.38,Charlie Hough
1989,41,TEX,AL,10,13,0.435,4.35,30,30,0,5,1,0,182,168,97,88,28,95,2,94,6,5,7,795,91,5.39,1.445,8.3,1.4,4.7,4.6,0.99,Charlie Hough
1990,42,TEX,AL,12,12,0.5,4.07,32,32,0,5,0,0,218.2,190,108,99,24,119,2,114,11,0,4,950,96,4.98,1.413,7.8,1,4.9,4.7,0.96,Charlie Hough
1991,43,CHW,AL,9,10,0.474,4.02,31,29,1,4,1,0,199.1,167,98,89,21,94,0,107,11,1,5,858,99,4.73,1.309,7.5,0.9,4.2,4.8,1.14,Charlie Hough
1992,44,CHW,AL,7,12,0.368,3.93,27,27,0,4,0,0,176.1,160,88,77,19,66,2,76,7,1,10,751,99,4.56,1.282,8.2,1,3.4,3.9,1.15,Charlie Hough
1993,45,FLA,NL,9,16,0.36,4.27,34,34,0,0,0,0,204.1,202,109,97,20,71,2,126,8,4,11,876,100,4.19,1.336,8.9,0.9,3.1,5.5,1.77,Charlie Hough
1994,46,FLA,NL,5,9,0.357,5.15,21,21,0,1,1,0,113.2,118,74,65,17,52,1,65,10,4,9,515,85,5.57,1.496,9.3,1.3,4.1,5.1,1.25,Charlie Hough
